code,folder,duration,length,gnss_n,gnss_hz,gnss_gaps,gnss_gap_total,gnss_std_p50,gnss_std_p95,alt_range,stationary_start,speed_p50,speed_p95,lateral_p95,prism_n,prism_cover
ETH-1,2024-10-01-11-29-55,349.9263081550598,199.57428843258106,69601,199.99542246805265,0,0,0.003942320582762433,0.007154601189184932,3.4545729691162705,5.747777700424194,0.6893160413748609,1.0388872418894353,0.128616564003445,4547,0.6772854583285011
ETH-2,2024-10-01-11-47-44,433.9246816635132,,,,,,,,,2.049727439880371,0.6238524763801169,0.9436731773197006,0.19711626053524908,4684,0.5715277569583183
ETH-3,2024-10-01-12-00-49,479.99875664711,207.2194149555681,95601,199.99542246805265,0,0,0.004589589401596971,0.036508055783378734,1.7477202992886305,5.760052919387817,0.4980671378873005,0.9240915230396978,0.17163242485604055,545,0.07291685554454806
SPX-1,2024-11-02-17-10-25,389.9599943161011,39.48352393281844,35801,199.99542246805265,0,0,0.012352951431728392,0.019844302852240522,4.328720141202211,4.350312232971191,0.3830373038442826,0.8686124895553413,0.10402429346345939,4197,0.5744178973867403
SPX-2,2024-11-02-17-18-32,398.82282733917236,175.1866613902749,79401,199.99542246805265,0,0,0.025760381501027274,0.10203372784503154,4.354912524111569,0.19996166229248047,0.5283775027969088,0.9231561340463919,0.10238577982665255,,
SPX-3,2024-11-02-17-43-10,229.65029525756836,95.49028688240462,45601,199.99542246805265,0,0,0.006994883220303263,0.008807260886509894,0.11196375545114279,1.499999761581421,0.4217294127227176,0.9846895057403103,0.19863200546914686,2229,0.509470279011732
ARC-1,2024-11-18-12-05-01,448.9694809913635,233.18634985567365,89401,199.99542246805265,0,0,0.003128937493043139,0.2890181532412629,3.2005263064056635,9.067665338516235,0.5667704641038902,0.9565781492537878,0.11894817111802765,6139,0.6926974174576077
ARC-2,2024-11-18-13-22-14,440.71576023101807,121.4845120109441,87801,199.99542246805265,0,0,0.061496838203438924,0.3347875843092641,4.7036649491637945,9.200166702270508,0.22328754467117812,0.7515934560050177,0.10272465294180726,,
ARC-3,2024-11-18-13-48-19,728.9721150398254,304.42720953686927,145401,199.99542246805265,0,0,0.004491851184732978,0.5188793169395284,7.1329693384468555,6.602663993835449,0.37305035287542176,1.0548968853291285,0.11290094281603201,3654,0.266128149482647
ARC-4,2024-11-18-15-46-05,412.9638924598694,151.37987102896284,82201,199.99542246805265,0,0,0.06844640354037151,1.0338304106517102,2.4553412599489093,0.0,0.3451090394930861,0.9062747303098094,0.11034965419335632,1514,0.19372153706579603
ARC-5,2024-11-18-16-59-23,406.9516770839691,166.68690498245783,81001,199.99542246805265,0,0,0.30904329161557675,1.4841642822145087,1.059111406095326,0.0,0.4342894918333367,0.9391394359787057,0.10490479986527487,2987,0.3808806026078074
LEICA-1,2024-11-25-14-57-08,326.5008611679077,147.76813669735247,65001,199.99542246805265,0,0,0.006291176246378544,0.1758656043773006,1.8731790222227573,0.0,0.3190110063311316,1.1231345744518317,0.09136920049106982,3752,0.5911163581916159
LEICA-2,2024-11-25-16-36-19,437.9909076690674,204.38641546630512,87201,199.99542246805265,0,0,1.2381509603532719,1.3861808764272647,0.7341548725962639,2.599964141845703,0.5342581254765931,0.8943387003025549,0.07808569537181387,3423,0.40411797802372607
SBB-1,2024-12-03-13-15-38,517.9831051826477,303.1168994232641,103201,199.99542246805265,0,0,0.005620032273131553,0.024278221963253514,0.4462985908612609,4.3575358390808105,0.72878268433258,0.9725815555413022,0.10179151073244119,9236,0.895782112114231
SBB-2,2024-12-03-13-26-40,287.563360452652,142.14921107477088,57001,199.99542246805265,0,0,0.008951598669906568,0.200424882067092,0.9797258889302611,0.3023264408111572,0.6021155407630393,0.9574112050594961,0.12897175231331726,4082,0.7198413583502515
