map,localize,frac,length_m,same_dir_m,opposite_dir_m
ARC-1,ARC-2,0.000,0.0,0.0,0.0
ARC-1,ARC-3,0.000,0.0,0.0,0.0
ARC-1,ARC-4,0.000,0.0,0.0,0.0
ARC-1,ARC-5,0.656,109.5,58.0,19.0
ARC-2,ARC-1,0.000,0.0,0.0,0.0
ARC-2,ARC-3,0.092,28.0,15.5,4.5
ARC-2,ARC-4,0.000,0.0,0.0,0.0
ARC-2,ARC-5,0.000,0.0,0.0,0.0
ARC-3,ARC-1,0.000,0.0,0.0,0.0
ARC-3,ARC-2,0.267,32.5,14.5,7.0
ARC-3,ARC-4,0.000,0.0,0.0,0.0
ARC-3,ARC-5,0.000,0.0,0.0,0.0
ARC-4,ARC-1,0.000,0.0,0.0,0.0
ARC-4,ARC-2,0.000,0.0,0.0,0.0
ARC-4,ARC-3,0.000,0.0,0.0,0.0
ARC-4,ARC-5,0.000,0.0,0.0,0.0
ARC-5,ARC-1,0.495,115.5,51.0,37.0
ARC-5,ARC-2,0.000,0.0,0.0,0.0
ARC-5,ARC-3,0.000,0.0,0.0,0.0
ARC-5,ARC-4,0.000,0.0,0.0,0.0
ETH-1,ETH-3,0.000,0.0,0.0,0.0
ETH-3,ETH-1,0.000,0.0,0.0,0.0
LEICA-1,LEICA-2,0.000,0.0,0.0,0.0
LEICA-2,LEICA-1,0.000,0.0,0.0,0.0
SBB-1,SBB-2,0.733,104.5,89.0,2.5
SBB-2,SBB-1,0.410,124.5,84.5,21.0
SPX-1,SPX-2,0.624,109.5,43.5,46.5
SPX-1,SPX-3,0.084,8.0,0.0,1.5
SPX-2,SPX-1,1.000,39.5,17.0,21.0
SPX-2,SPX-3,1.000,95.5,31.5,46.5
SPX-3,SPX-1,0.367,14.5,6.0,2.5
SPX-3,SPX-2,0.493,86.5,27.0,31.5
